<chapter xmlns="http://docbook.org/ns/docbook"
         xmlns:xlink="http://www.w3.org/1999/xlink"
         xmlns:xi="http://www.w3.org/2001/XInclude"
         version="5.0" xml:lang="hu">
    <info>
        <title>
            Helló, Chomsky!
        </title>
        <keywordset>
            <keyword/>
        </keywordset>
    </info>
    
    <section>
        <title>
          Objektumorientált programozási nyelvek programnyelvi elemei:
          karakterkészlet, lexikális egységek, kifejezések, utasítások.
        </title>
        
        <simpara>
            <emphasis role="strong">
                <emphasis>
                    Karakterkészlet:
                </emphasis>
            </emphasis>
        </simpara>
        
        <para>
           Karakterek kódolására, tulajdonképpen 2 fajta változatot tudunk
           megkülönböztetni. Az egyik az ASCII (egy bájton van meghatározva,
           minden karakter- ma már nem használatos a sokfajta különböző nyelv,
           speciális karakter miatt). A másik pedig az UNICODE (2 bájton vannak
           ábrázolva a karakterek, így sokkal több a lehetőség is).
        </para>
        
        <simpara>
            <emphasis role="strong">
                <emphasis>
                    Lexikális egységek:
                </emphasis>
            </emphasis>
        </simpara>
        
        <para>
           Valójában a program legkisseb jelentéssel bíró egységei. Különböző
           típusúak lehetnek. Kulcsszavak, előre deklarált azonosítók, programban
           deklarált azonosítók, decimális számok, operátorok, ehatároló jelek.
        </para>
    </section>
    <section>
        <title>
            Encoding
        </title>
        <para>
            Fordítsuk le és futtassuk a Javat tanítok könyv
            MandelbrotHalmazNagyító.java forrását úgy, hogy a fájl nevekben és a
            forrásokban is meghagyjuk az ékezetes betűket!
            https://www.tankonyvtar.hu/hu/tartalom/tkt/javat-tanitok-javat/adatok.html
        </para>
        <para>
            Megoldás forrása:<link xlink:href="https://github.com/fulekylaszlo/DEIK/tree/master/Prog2/Forr%C3%A1sok/2.Chomsky/Encoding">Encoding</link>
        </para>
        <para>
            Miután megpróbáljuk a megszokott módon futtatni a java forráskódunkat,
            egy hibaüzenetet fogunk kapni, mégpedig:
        </para>
        <para>
        <mediaobject>
                <imageobject>
                    <imagedata fileref= "./pic/withoutencoding.png"/>
                </imageobject>
        </mediaobject>
        </para>
        
        <para>
            Ezt úgy tudjuk orvosolni, hogy nem a megszokott módon futtatunk, mert
            ugye speciális karakterek vannak a forráskódunkban amit az UTF-8 nem
            ismer fel.
        </para>
        <para>
            Viszont ha úgy próbáljuk meg futtani, hogy:
            <programlisting><![CDATA[ javac -encoding ISO-8859-2 fajl_nev.java]]></programlisting>
            Így már sikerrel fogunk járni.
        </para>
        
        <para>
        <mediaobject>
                <imageobject>
                    <imagedata fileref= "./pic/withencoding.png"/>
                </imageobject>
        </mediaobject>
        </para>
        
        <para>
            És megkapjuk a szokásos alap Mandelbrot ábrát amit már megszokhattunk
            régebbi feladatokban.
        </para>
        
        <para>
        <mediaobject>
                <imageobject>
                    <imagedata fileref= "./pic/Mandelbrotpic.png"/>
                </imageobject>
        </mediaobject>
        </para>
        
        <para>
            Azt, hogy az "-encoding" kapcsolót mivel kell használni azt
            <link xlink:href="https://en.wikipedia.org/wiki/ISO/IEC_8859-1">itt</link>
            találtam meg, mégpedig:
        </para>
        
        <para>
        <mediaobject>
                <imageobject>
                    <imagedata fileref= "./pic/encodingkapcs.png"/>
                </imageobject>
        </mediaobject>
        </para>
    </section>        

    <section>
        <title>
            OOCWC lexer
        </title>
        <para>
            Izzítsuk be az OOCWC-t és vázoljuk a
            https://github.com/nbatfai/robocar- emulator/blob/master/justine/rcemu/src/carlexer.ll
            lexert és kapcsolását a programunk OO struktúrájába!
        </para>
        <para>
            Megoldás forrása:                
        </para>
        <para>
            Tanulságok, tapasztalatok, magyarázat...
        </para>
    </section>        
    
    <section>
        <title>l334d1c45</title>
        <para>
            Írj olyan OO Java vagy C++ osztályt, amely leet cipherként működik,
            azaz megvalósítja ezt a betű helyettesítést:
            https://simple.wikipedia.org/wiki/Leet (Ha ez első részben nem tetted
            meg, akkor írasd ki és magyarázd meg a használt struktúratömb
            memóriafoglalását!)
        </para>
        <para>
            Megoldás forrása:<link xlink:href="https://github.com/fulekylaszlo/DEIK/tree/master/Prog2/Forr%C3%A1sok/2.Chomsky/L33t">L33t</link>
        </para>
        <para>
            Ezt a példaprogramot már láthattuk a régebbi fejeztekben, azonban most
            módosítunk rajta egy keveset, mégpedig az abc betűihez és '0-9' számokhoz
            ezeket a karaktereket fogjuk rendelni:
        </para>
        
        <para>
        <mediaobject>
                <imageobject>
                    <imagedata fileref= "./pic/karakterek.png"/>
                </imageobject>
        </mediaobject>
        </para>
        
        <para>
            A feladatunk egészen egyszerű, egy "kódolót" kell létrehoznunk aminek
            megadunk egy bizonyos szöveget és a megfelelő betűt/számot a megfelelő
            karakterrel fogja kódolni. Tulajdonképpen titkosírásról is beszélhetünk.
        </para>
        <para>
            Íme egy kis példa, hogyan is fog ez kinézni:
        </para>
        <para>
        <mediaobject>
                <imageobject>
                    <imagedata fileref= "./pic/leet.png"/>
                </imageobject>
        </mediaobject>
        </para>
        <para>
            Viszont ne felejtsük el, hogy nem megszokott módon kell fordítanunk, ugyanis:
            <programlisting><![CDATA[
                lex fajl_nev.c
                gcc lex.yy.c
                ./a.out]]></programlisting>
        </para>
        
    </section>
    
    <section>
        <title>Full screen</title>
        <para>
            Készítsünk egy teljes képernyős Java programot!
            Tipp: https://www.tankonyvtar.hu/en/tartalom/tkt/javat-tanitok-javat/ch03.html#labirintus_jatek
        </para>
        <para>
            Megoldás forrása:<link xlink:href="https://github.com/fulekylaszlo/DEIK/tree/master/Prog2/Forr%C3%A1sok/2.Chomsky/Javafullscreen">Legegyszerűbb, legérthetőbb példa fullscreen programra</link>
        </para>
        <para>
            A feladatunk annyi, hogy egy Java teljes képernyős programot készítsünk.
            Nem volt feltétel, mennyire kell bonyolultnak vagy összetettnek lennie
            a programnak, úgyhogy egy nagyon egyszerű de annál jobban érthető megoldást
            hoztam.
        </para>
        <para>
            A programunk egy képet fog kivetíteni a teljes képernyőnkre, legyen
            az bármilyen méretű, és funcionalitás képpen dupla bal egérgomb kattintásra
            kilép a program.
        </para>
        <para>
            <programlisting><![CDATA[
               import java.awt.Frame;
               import java.awt.Graphics;
               import java.awt.GraphicsDevice;
               import java.awt.GraphicsEnvironment;
               import java.awt.Window;
               import java.awt.event.MouseAdapter;
               import java.awt.event.MouseEvent;
               import java.awt.image.BufferedImage;
               import java.io.File;

               import javax.imageio.ImageIO;
                class FULLOS extends Window
               {

                 private BufferedImage pic;

                 public static void main(String[] args) {
                   GraphicsEnvironment ge = GraphicsEnvironment.getLocalGraphicsEnvironment();
                   GraphicsDevice screen = ge.getDefaultScreenDevice();

                   if (!screen.isFullScreenSupported()) {
                     System.out.println("A teljes képernyős kijelzés nincs támogatva!");
                     System.exit(1);
                   }

                   try {
                     BufferedImage loadedpic = ImageIO.read(new File("pic.jpg"));
                     screen.setFullScreenWindow(new FULLOS(loadedpic));
                   } catch (Exception e) {
                     System.err.println(e.getMessage());
                   }
                 }

                 public FULLOS(BufferedImage pic) {
                   super(new Frame());

                   this.pic = pic;

                   addMouseListener(new MouseAdapter() {
                     public void mouseClicked(MouseEvent e) {
                       System.exit(0);
                     }
                   }
               );
                 }

                 public void paint(Graphics g) {
                   g.drawImage(pic, 0, 0, getWidth(), getHeight(), this);
                 }
               }]]></programlisting>
        </para>
    </section>
    
    <section>
        <title>
            Paszigráfia Rapszódia OpenGL full screen vizualizáció
        </title>
        <para>
           Lásd vis_prel_para.pdf! Apró módosításokat eszközölj benne, pl.
           színvilág, textúrázás, a szintek jobb elkülönítése, kézreállóbb
           irányítás.
        </para>
        <para>
            Megoldás forrása:
        </para>
        <para>
            Tanulságok, tapasztalatok, magyarázat...
        </para>
    </section>
    
    <section>
        <title>Paszigráfia Rapszódia LuaLaTeX vizualizáció</title>
        <para>
         Lásd vis_prel_para.pdf! Apró módosításokat eszközölj benne, pl.
         színvilág, még erősebb 3D-s hatás.
        </para>
        <para>
            Megoldás forrása:
        </para>
        <para>
            Tanulságok, tapasztalatok, magyarázat...
        </para>
    </section>
    
    <section>
        <title>Perceptron osztály</title>
        <para>
            Dolgozzuk be egy külön projektbe a projekt Perceptron osztályát!
            Lásd https://youtu.be/XpBnR31BRJY
        </para>
        <para>
            Megoldás videó:<link xlink:href="https://bit.ly/2P3zvuV">Perceptron</link>
        </para>
        <para>
            Megoldás forrása:<link xlink:href="https://github.com/fulekylaszlo/DEIK/tree/master/Prog2/Forr%C3%A1sok/2.Chomsky/Perceptron">Perceptron</link>
        </para>
        <para>
            Perceptronnal már szintén találkozhattunk a régebbi fejezetekben,
        </para>
    </section>
                    
</chapter>                



