<chapter xmlns="http://docbook.org/ns/docbook" xmlns:xlink="http://www.w3.org/1999/xlink" xmlns:xi="http://www.w3.org/2001/XInclude" version="5.0" xml:lang="hu">
    <info>
        <title>Helló, Gödel!</title>
        <keywordset>
            <keyword/>
        </keywordset>
    </info>
    
    <section>
        <title>Gengszterek</title>
        <para>
           Gengszterek rendezése lambdával a Robotautó Világbajnokságban https://youtu.be/DL6iQwPx1Yw (8:05-től)
        </para>
        <para>
            Megoldás forrása:
        </para>
        <para>
            <programlisting language="java">
                <![CDATA[
            std::sort ( gangsters.begin(), gangsters.end(), [this, cop] ( Gangster x, Gangster y )
            {
                return dst ( cop, x.to ) < dst ( cop, y.to );
            } );
                ]]></programlisting>
        </para>
        <para>
            Ebben a feladatban a sort lambda kifejezést fogjuk használni rendezéshez.
        </para>
        <para>
            Van két gangszterünk amelyek paramétert várnak, ráadásul egy objektumot.
            Majd a <function>dst(cop, x.to)</function> függvény kiszámolja a rendőr
            és a gangszter távolságát. Ez ugyebár az egyik gangszter távolságát fogja megnézni.
            Szükségünk van arra, hogy a másik gengszterét is tudjuk, ez lesz a <function>dst(cop, y.to)</function>. És ezáltal, ha az x gangszterünk közelebb van a
                rendőrhöz mint az y akkor igaz értékkel térünk vissza.
         </para>
    </section>
    
    <section>
        <title>C++11 Custom Allocator</title>
        <para>
    https://prezi.com/jvvbytkwgsxj/high-level-programming-languages-2-c11-allocators/ a CustomAlloc-os példa, lásd C forrást az UDPROG repóban!
        </para>
        <para>
            Megoldás forrása:
        </para>
        <para>
            Tanulságok, tapasztalatok, magyarázat...
        </para>
    </section>
    
    <section>
        <title>STL map érték szerinti rendezése</title>
        <para>
            Például: https://github.com/nbatfai/future/blob/master/cs/F9F2/fenykard.cpp#L180
        </para>
        <para>
            Megoldás forrása:<link xlink:href="https://github.com/nbatfai/future/blob/master/cs/F9F2/fenykard.cpp#L180">Fénykard</link>
        </para>
        <para>
            <programlisting language="c++">
            <![CDATA[
            std::vector<std::pair<std::string, int>> sort_map ( std::map <std::string, int> &rank )
            {
                    std::vector<std::pair<std::string, int>> ordered;
                    for ( auto & i : rank ) {
                            if ( i.second ) {
                                    std::pair<std::string, int> p {i.first, i.second};
                                    ordered.push_back ( p );
                            }
                    }
                    std::sort (
                            std::begin ( ordered ), std::end ( ordered ),
                    [ = ] ( auto && p1, auto && p2 ) {
                            return p1.second > p2.second;
                    }
                    );
                    return ordered;
            }
                    ]]></programlisting>
        </para>
        <para>
            A fénykard rank rendezésbeli algortimusra kell rámutatni, a map érték
            szerinti rendezésére. De tudnunk kell ehhez mit is jelent a "map".
            Ez egy olyan tároló, amely kulcsérték és mapped érték párokat tárol.
        </para>
        <para>
            Ahogy láthatjuk a map használta így néz ki: <function>std::map</function>
            A feladat azt kéri, hogy map érték szerint rendezzük. Így létre kell hoznunk
            egy map típusú vektort, ebbe a vektorba pedig forech iterátorral a
            paraméterként megadott map értékeket, adjuk át a vektornak.
        </para>
        <para>
            Ezt a vektort pedig már érték szerint rendezzük. A "sort lambda" segítségével
            fogjuk ezt megtenni, és a p1.second értéket fogjuk nézni. Ha nagyobb
            mint a p2.second érték akkor igaz, ellentétes esetben nem. Utoljára pedig
            a "sort_map" függvény visszatér a rendezett vektorral.
        </para>
    </section>
    
    <section>
        <title>Alternatív Tabella rendezése</title>
        <para>
          Mutassuk be a https://progpater.blog.hu/2011/03/11/alternativ_tabella a programban a java.lang Interface Comparable T szerepét!
        </para>
        <para>
            Megoldás forrása:
        </para>
        <para>
            <programlisting language="java">
            <![CDATA[
            class Csapat implements Comparable<Csapat> {
              protected String nev;
              protected double ertek;
              public Csapat(String nev, double ertek) {
                this.nev = nev;
                this.ertek = ertek;
              }
              public int compareTo(Csapat csapat) {
                if (this.ertek < csapat.ertek) {
                  return -1;
                } else if (this.ertek > csapat.ertek) {
                  return 1;
                } else {
                  return 0;
                }
              }
            }
                    ]]></programlisting>
        </para>
        
        <para>
            A "comparable" az egy interface amelyet implementálnunk kell az osztályhoz
            egy "implements" kulcsszóval amit feljebb is láthatunk. Ez az interface
            egyedül <function>public int compareTo(Csapat csapat)</function> ezt
            definiálja jelen esetben. A lényege 2 objektum összehasonlítása, majd
            visszatérésként egy számot kapunk.
        </para>
    </section>
    
    <section>
        <title>
           Prolog családfa</title>
        <para>
            Ágyazd be a Prolog családfa programot C++ vagy Java programba! Lásd para_prog_guide.pdf!
        </para>
        <para>
            Megoldás forrása:
        </para>
        <para>
            Tanulságok, tapasztalatok, magyarázat...
        </para>
    </section>
    
    <section>
        <title>GIMP Scheme hack</title>
        <para>
            Ha az előző félévben nem dolgoztad fel a témát (például a mandalás vagy a króm szöveges dobozosat) akkor itt az alkalom!
        </para>
        <para>
            Megoldás forrása:
        </para>
        <para>
            Tanulságok, tapasztalatok, magyarázat...
        </para>
    </section>
    
</chapter>





