<chapter xmlns="http://docbook.org/ns/docbook" xmlns:xlink="http://www.w3.org/1999/xlink" xmlns:xi="http://www.w3.org/2001/XInclude" version="5.0" xml:lang="hu">
    <info>
        <title>Helló, Calvin!</title>
        <keywordset>
            <keyword/>
        </keywordset>
    </info>
    
    <section>
        <title>MNIST</title>
        <para>
            Az alap feladat megoldása, +saját kézzel rajzolt képet is ismerjen fel, https://progpater.blog.hu/2016/11/13/hello_samu_a_tensorflow-bol Háttérként ezt vetítsük le: https://prezi.com/0u8ncvvoabcr/no-programming-programming/
        </para>
        <para>
            Megoldás videó:
        </para>
        <para>
            Megoldás forrása:
        </para>
        <para>
            Tanulságok, tapasztalatok, magyarázat...
        </para>
    </section>
    
    <section>
        <title>Deep MNIST</title>
        <para>Mint az előző, de a mély változattal. Segítő ábra, vesd össze a forráskóddal a https://arato.inf.unideb.hu/batfai.norbert/NEMESPOR/DE/denbatfai2.pdf 8. fóliáját!
        </para>
        <para>
            Megoldás videó:
        </para>
        <para>
            Megoldás forrása:
        </para>
        <para>
            Tanulságok, tapasztalatok, magyarázat...
        </para>
    </section>
    
    <section>
        <title>CIFAR-10</title>
        <para>
            Az alap feladat megoldása, +saját fotót is ismerjen fel, https://progpater.blog.hu/2016/12/10/hello_samu_a_cifar-10_tf_tutorial_peldabol
        </para>
        <para>
            Megoldás videó:
        </para>
        <para>
            Megoldás forrása:
        </para>
        <para>
            Tanulságok, tapasztalatok, magyarázat...
        </para>
    </section>
    
    <section>
        <title>Android telefonra a TF objektum detektálója</title>
        <para>
           Telepítsük fel, próbáljuk ki!
        </para>
        <para>
            Megoldás videó:
        </para>
        <para>
            Megoldás forrása:
        </para>
        <para>
            Tanulságok, tapasztalatok, magyarázat...
        </para>
    </section>
    
    <section>
        <title>SMNIST for Machines</title>
        <para>
            Készíts saját modellt, vagy használj meglévőt, lásd: https://arxiv.org/abs/1906.12213
        </para>
        <para>
            Megoldás videó:
        </para>
        <para>
            Megoldás forrása:
        </para>
        <para>
            Tanulságok, tapasztalatok, magyarázat...
        </para>
    </section>
    
    <section>
        <title>Minecraft MALMO-s példa</title>
        <para>
           A https://github.com/Microsoft/malmo felhasználásával egy ágens példa, lásd pl.: https://youtu.be/bAPSu3Rndi8, https://bhaxor.blog.hu/2018/11/29/eddig_csaltunk_de_innentol_mi, https://bhaxor.blog.hu/2018/10/28/minecraft_steve_szemuvege
        </para>
        <para>
            Megoldás videó:
        </para>
        <para>
            Megoldás forrása:
        </para>
        <para>
            Tanulságok, tapasztalatok, magyarázat...
        </para>
    </section>
    
</chapter>








