<chapter xmlns="http://docbook.org/ns/docbook"
         xmlns:xlink="http://www.w3.org/1999/xlink"
         xmlns:xi="http://www.w3.org/2001/XInclude"
         version="5.0" xml:lang="hu">
    <info>
        <title>
            Helló, Stroustrup!
        </title>
        <keywordset>
            <keyword/>
        </keywordset>
    </info>
    <section>
    <title>
      Objektumorientált programozási nyelvek típusrendszere (pl.: Java, C#) és 6. hét Típusok tagjai: mezők, (nevesített) konstansok, tulajdonságok, metódusok, események, operátorok, indexelők, konstruktorok, destruktorok, beágyazott típusok.
    </title>
    
    <simpara>
        <emphasis role="strong">
            <emphasis>
                Típusok tagjai: Mezők, nevesített konstansok, tulajdonságok,
                metódusok, események, operátorok, indexelők, konstruktorok,
                destruktorok, beágyazott típusok.
            </emphasis>
        </emphasis>
    </simpara>
    
    <para>
        A mezők azok az osztályok adattagjai valójában. A konstansok azok változók,
        amelyek az egész program alatt ugyan azon az értéken vannak, nem változtathatóak.
        A metódusok, azok utasításokat tartalmaznak (eljárás, függvény). Események,
        beépített funkciók(C) mikor, valamilyen cselekményre történik valami, pl.
        egérkattintás. Az operátorok, olyan beépített karakterek, melyek műveleteket
        hajtanak végre. Konstruktor az egy speciális metódus, mely egy osztály
        példányosításakor, automatikusan lefut. A destruktor, az pedig erőforrásokat
        szabadít fel.
    </para>
    </section>
    
    <section>
        <title>
            JDK osztályok
        </title>
        <caution>
            <title>
                Tutoriált
            </title>
            <para>
                Ebben a feladatban tutoriált Dékány Róbert.
            </para>
        </caution>
        <para>
           Írjunk olyan Boost C++ programot (indulj ki például a fénykardból)
           amely kilistázza a JDK összes osztályát (miután kicsomagoltuk az
           src.zip állományt, arra ráengedve)!
        </para>
        <para>
            Megoldás forrása:<link xlink:href="https://github.com/fulekylaszlo/Prog2/blob/master/Forr%C3%A1sok/2.Stroustrup/JDK/jdk.cpp">JDK</link>
        </para>
        <para>
            Ebben a feladatban egy JDK src.zip fájlból kellet kiiratnunk az összes
            ".java" végződésű/kiterjesztésű osztályt. Azonban én sorra hibába
            ütköztem munkám folyamán, nem találtam rá megoldást, csak olyan válaszokat,
            hogy jelenleg változások vannak a "boost"-ban és még nem minden stabil a header
            fájlok értelmében(Macre nézve). Dolgoznak a fejlesztők rajta, de idő kell nekik.
            Így tutorom "Dékány Róbert" segítségét kértem ebben a feladatban.
        </para>
        <para>
            Először meg kell adnunk, hogy a programunk elérje a ".java" kiterjesztésű
            fájlokat, így a <function>vector &lt; string &gt; getClass (string path)</function>
            fogjuk használni erre a célra. Majd a <function>readJavaExt(root, classes)</function>
            pedig a keresésért lesz felelős. Ide két paramétert fogunk megadni.
            A "root" a feljebb említett elérési útvonalért lesz felelős, a "classes"
            pedig egy referencia lesz. A <function>classes.push_back(path.string());</function>
            azért lesz fontos, mivel ha könyvtárat kapunk útvonalként, akkor egyre beljebb
            "mászik" és újrahívjuk a függvényt, viszont ha nem könyvtárat kapunk, hanem
            fájlt akkor megnézzük, hogy a kiterjesztés megfelel- e az általunk keresett
            (.java) kiterjesztésnek.
        </para>
        
    </section>
    
    <section>
        <title>
            Másoló-mozgató szemantika
        </title>
        <para>
            Kódcsipeteken (copy és move ctor és assign) keresztül vesd össze a
            C++11 másoló és a mozgató szemantikáját, a mozgató konstruktort
            alapozd a mozgató értékadásra!
        </para>
        <para>
            Megoldás forrása:<link xlink:href="https://github.com/fulekylaszlo/Prog2/tree/master/Forr%C3%A1sok/2.Stroustrup/M%C3%A1sol%C3%B3-mozgat%C3%B3">Másoló-mozgató szemantika</link>
        </para>
        <para>
            A mozgató konstruktor, úgy fog működni, hogy az új objektum egy gyökérpointert
            kap, mégpedig a régi binfáét, a régi gyökérpointert peddig nulláztatjuk.</para>
            <para><programlisting><![CDATA[
           gyoker = regi.gyoker;
           regi.gyoker = nullptr;
            ]]></programlisting>
        </para>
            <para>
                Feladatként kaptuk, hogy a mozgató konstruktor a mozgató értékadást használja
                ezt pedig a "move" függvény segítségével tudjuk elérni, mégpedig:
                <programlisting><![CDATA[
                *this = std::move(regi);
                 ]]></programlisting>
            </para>
            <para>
                A "swap" amit a kódunkban használunk, megcseréli a régi valamint az
                új fa gyökérmutatóit. Így fog az történni, hogy az új fa megkapja a régi
                faét, valamint a régi pedig, ahogyan fent is említettem nullpointer lesz.
            </para>
            <para>
                A "move" függvénnyel alakíthatjuk a mozagtó szemantikát, így pedig
                a paraméter már meg fog felelni a mozgató konstruktornak.
            </para>
    </section>
    
    <section>
        <title>
            Hibásan implementált RSA törése
        </title>
        <para>
            Készítsünk betű gyakoriság alapú törést egy hibásan implementált
            RSA kódoló:
            https://arato.inf.unideb.hu/batfai.norbert/UDPROG/deprecated/Prog2_3.pdf
            (71-73 fólia) által készített titkos szövegen.
        </para>
        <para>
            Megoldás forrása:
        </para>
        <para>
            Tanulságok, tapasztalatok, magyarázat...
        </para>
    </section>
    
    <section>
        <title>
            Változó argumentumszámú ctor
        </title>
        <para>
          Készítsünk olyan példát, amely egy képet tesz az alábbi projekt
          Perceptron osztályának bemenetére és a Perceptron ne egy értéket,
          hanem egy ugyanakkora méretű „képet” adjon vissza.
          (Lásd még a 4 hét/Perceptron osztály feladatot is.)
        </para>
        <para>
            Megoldás forrása:<link xlink:href="https://github.com/fulekylaszlo/Prog2/tree/master/Forr%C3%A1sok/2.Stroustrup/V%C3%A1ltoz%C3%B3-arg">Perceptron</link>
        </para>
        <para>
            A fordítás és futtatás egyszerűen néz ki, mégpedig:
        </para>
        <para><programlisting><![CDATA[
        g++ mlp.hpp main.cpp -lpng -std=c++11
        ./a.out mandel.png
        ]]></programlisting>
        </para>
        <para>
            A "-lpng" kapcsolónak egy funkciója van, mégpedig, hogy használjuk a png
            könyvtárat, majd a "-std=c++11" pedig azt jelzi, hogy a C++ 11-es verziójú
            szabványt kívánjuk használni. A mandel.png pedig a megszokott mandelbrot halmazos
            képünk, amit bemenetként adunk meg.
        </para>
        <para>
            A kapott képünk pedig így fog kinézni:
            <mediaobject>
                    <imageobject>
                        <imagedata fileref= "./pic/kimenet.png"/>
                    </imageobject>
            </mediaobject>
        </para>
        
        <simpara>
            <emphasis role="strong">
                <emphasis>
                    Összefoglaló a feladathoz/perceptronhoz:
                </emphasis>
            </emphasis>
        </simpara>
        <para>
            Mi is az a perceptron? Mire használjuk ? A perceptron az valójában
            egy algoritmus/neurális háló, ami a gépi tanulásban használatos. Az
            algoritmus pedig képes eldönteni, hogy a megadott bemenet, egy
            osztályhoz tartozik-e vagy sem. Az alap perceptronban találhatunk, egy
            számunkra fura részt, mégpedig:
            <programlisting><![CDATA[
            double sigmoid ( double x )
            {
              return 1.0/ ( 1.0 + exp ( -x ) );
            }
            ]]></programlisting> Ez pedig nem más mint a perceptron aktivációs
            függvénye.
        </para>
    </section>
    
    <section>
        <title>
            
            Összefoglaló</title>
        <para>
            Az előző 4 feladat egyikéről írj egy 1 oldalas bemutató „”esszé szöveget!
        </para>
        <para>
            Összevonva a "Változó argumentumszámú ctor" Perceptronos feladattal.
        </para>
    </section>
   
</chapter>




