<chapter xmlns="http://docbook.org/ns/docbook" xmlns:xlink="http://www.w3.org/1999/xlink" xmlns:xi="http://www.w3.org/2001/XInclude" version="5.0" xml:lang="hu">
    <info>
        <title>
            Helló, Vessző!
        </title>
        <keywordset>
            <keyword/>
        </keywordset>
    </info>
    
    <section>
        <title>
            FUTURE tevékenység editor
        </title>
        <para>
            Javítsunk valamit a ActivityEditor.java JavaFX programon!
            https://github.com/nbatfai/future/tree/master/cs/F6
            Itt láthatjuk működésben az alapot:
            https://www.twitch.tv/videos/222879467
        </para>
        <para>
            Megoldás forrása:
        </para>
        <para>
            Tanulságok, tapasztalatok, magyarázat...
        </para>
    </section>
    <section>
        <title>
            OOCWC Boost ASIO hálózatkezelése
        </title>
        <para>Mutassunk rá a scanf szerepére és használatára!
            https://github.com/nbatfai/robocar- emulator/blob/master/justine/rcemu/src/carlexer.ll
        </para>
        <para>
            Megoldás forrása:
        </para>
        <para>
            <programlisting language="C++" ><![CDATA[
            INIT    "<init"
            ...
            {INIT}{WS}{WORD}{WS}{INT}{WS}("c"|"g")    {
                std::sscanf(yytext, "<init %s %d %c>", name, &num, &role);
                if(num >200)
                {
                    m_errnumber = 1;
                    num = 200;
                }
                m_cmd = 1;
                }
            ]]>
                        </programlisting>
        </para>
        
        <para>
            A fentebb látható <function>sscanf</function> egy stringből olvas be. Majd tovább nézve láthatjuk, hogy a "yytext" fogja tárolni
            a standard inputról kapott adatot. Majd megpróbálja kifejezéskre illeszteni a kapott adatot. Ha sikerül akkor meghívja a megfelelő lexer függvényt és eltárolja az adatokat.
        </para>
    </section>
    
    <section>
        <title>
            SamuCam
        </title>
        <para>
           Mutassunk rá a webcam (pl. Androidos mobilod) kezelésére ebben a
           projektben: https://github.com/nbatfai/SamuCam
        </para>
        <para>
            Megoldás forrása:
        </para>
        <para>
            Jelenleg a SamuCam feldatban elégg nagy problémaába ütköztem, mivel MacOSX-en dolgozom, és gondok vannak az opencv4-el...csatolom képként, azt írja, hogy az opencv.cp-t hozzá kell adni a pkg config path-hez, viszont ez megtörtént, de nem találja az eléri útvonalat...Törekszem a sikeres megoldásra.
        </para>
    </section>
    
    <section>
        <title>BrainB</title>
        <para>
            Mutassuk be a Qt slot-signal mechanizmust ebben a projektben:
            https://github.com/nbatfai/esport- talent-search
            </para>
            <para>
                Megoldás forrása:
            </para>
            <para>
                Az officiális Qt weboldalon láthatunk egy ábrát, ami remekül
                bemutatja mi is az a slot-signal.
            </para>
            
            <para>
                A Qt slot-sginal mechanizmusát különböző objektumok kommunikálására használjuk.
            </para>
            
        </section>
        
        <section>
            <title>
                OSM térképre rajzolása
            </title>
            <para>
                Debrecen térképre dobjunk rá cuccokat, ennek mintájára, ahol
                én az országba helyeztem el a DEAC hekkereket:
                https://www.twitch.tv/videos/182262537
                (de az OOCWC Java Swinges megjelenítőjéből:
                https://github.com/nbatfai/robocar-emulator/tree/master/justine/rcwin
                is kiindulhatsz, mondjuk az komplexebb, mert ott időfejlődés
                is van...)
            </para>
            <para>
                Megoldás forrása:
            </para>
            <para>
                Tanulságok, tapasztalatok, magyarázat...
            </para>
        </section>
        
    </chapter>
